priority,company,website,segment,scale_note,angle,contact_route,verified
1,HostStarter,https://hoststarter.net/austin/,STR management,"Manages across all major Austin neighborhoods; handles the city licensing process for its managed properties","Strongest single angle on this list. They are already walking clients through the July 1 2026 licensing requirement. Every property they re-license is a listing being rebuilt — and the occupancy-cap change means the photos and the advertised capacity may no longer agree.",Website contact form,"Live (403 to curl — Cloudflare bot protection, site is up)"
1,Austin Management,https://www.austinmanagement.com/,STR management,"Locally owned full-service: listing on Airbnb and VRBO, check-in/out, housekeeping, maintenance, permits and taxes","Full-service means they onboard new properties continuously and control the listing. One relationship is many shoots rather than one. They already handle permits, so the licensing conversation is their language.",Website contact form,Verified live
1,Twinity Properties,https://twinityproperties.com/locations/property-management-austin/,STR management,"Airbnb and vacation STR management; handles inquiries, bookings, cleaning, maintenance","Same reseller logic. Lead with turnaround — 24 to 72 hours matters to a manager onboarding a property against an owner's revenue expectations.",Website contact form,Verified live
2,Apartment Management Professionals (AMP),https://www.amptexas.com/,Multifamily,"Est. 2004; 45+ communities, approaching 15,000 units","Best multifamily fit on the list. Large enough that portfolio consistency is a real problem, small enough to reach a decision maker. 45 communities is the $850 property package repeated, or the $1,600/mo retainer.",Website contact form,Verified live
2,ATX Property Management,https://www.atxpropertymanagement.com/,Multifamily + SF + commercial,"$500M+ in single-family, multi-family and commercial assets in and around Austin","Austin-focused with a mixed portfolio, so they need both the per-unit and per-property scopes. Mixed asset types make one consistent shooter more valuable, not less.",Website contact form,Verified live
2,PMI Austin,https://www.pmiaustin.net/,Multifamily + residential,"$200M+ assets under management; residential and multifamily","Publishes its own comparison content on Austin property management, so they think about how they present. Receptive to a consistency argument.",Website contact form,Verified live
3,512 Real Estate,https://www.512re.com/austin-multi-family-property-management,Multifamily,Austin multifamily property management,"Dedicated multifamily page — they market that specialism, so amenity and model-unit coverage lands.",Website contact form,Verified live
3,Austin Property Management,https://austin-property.management/,Multifamily + residential,"Austin-focused property management",Local operator. Lower ceiling than AMP but a shorter path to a yes.,Website contact form,Verified live
4,Evernest,https://www.evernest.co/,Multifamily + scattered site,"22,000+ units under management; scattered-site portfolios through luxury high-rises","Largest by unit count but multi-market and likely to have procurement between you and the decision. High ceiling, long cycle. Worth one attempt, not a campaign.",Website contact form,Verified live
5,FirstService Residential,https://www.fsresidential.com/texas/offices/austin-property-management/,Multifamily (national),National firm with an Austin office serving luxury multifamily,"National vendor-onboarding process. Realistically a form submission into a procurement queue. Lowest expected value per hour spent.",Austin office page,Verified live
